id,date,name,type,description,elapsed_time,distance,commute,gear,filename
146685673,2014-05-28 11:02:30,Bia: Wednesday Run,Run,"",2404,6647.0,false,,activities/160522179.tcx.gz
146686013,2014-05-18 12:11:59,Bia: Sunday Run,Run,,3600,11662.5,false,,activities/160522533.tcx.gz
146686073,2014-05-24 13:13:30,Bia: Saturday Run,Run,"",1972,6366.8,false,,activities/160522596.tcx.gz
146819384,2014-05-29 10:07:02,Bia: Thursday Run,Run,"",2248,7723.9,false,,activities/160668422.tcx.gz
147217050,2014-05-30 10:45:33,Bia: Friday Run,Run,,2011,6554.1,false,,activities/161099175.tcx.gz
148373944,2014-06-01 21:34:04,Bia: Sunday Run,Run,,3336,9803.6,false,,activities/162355897.tcx.gz
148807654,2014-06-02 10:49:53,Bia: Monday Run,Run,,1951,6515.5,false,,activities/162834548.tcx.gz
149696611,2014-06-03 10:30:16,Bia: Tuesday Run,Run,,1936,6435.7,false,,activities/163792576.tcx.gz
149696614,2014-06-05 10:30:09,Bia: Thursday Run,Run,,2063,6972.1,false,,activities/163792579.tcx.gz
151759012,2014-06-07 14:24:44,Bia: Saturday Run,Run,,2329,7253.4,false,,activities/166021885.tcx.gz
151759018,2014-06-10 10:34:13,Bia: Tuesday Run,Run,,2323,7053.9,false,,activities/166021887.tcx.gz
152180189,2014-06-11 10:32:59,Bia: Wednesday Run,Run,,2374,7406.7,false,,activities/166474136.tcx.gz
153023627,2014-06-13 13:03:45,Bia: Friday Run,Run,,2940,10000.0,false,,activities/167378420.tcx.gz
153387640,2014-06-14 13:49:21,Bia: Saturday Run,Run,,1876,7420.0,false,,activities/167771520.tcx.gz
155262354,2014-06-17 10:57:55,Bia: Tuesday Run,Run,,2402,7020.0,false,,activities/169783725.tcx.gz
155262358,2014-06-18 22:12:14,Bia: Wednesday Run,Run,,2831,9860.0,false,,activities/169783726.tcx.gz
155262360,2014-06-15 21:36:30,Bia: Sunday Run,Run,,4454,13420.0,false,,activities/169783723.tcx.gz
155847951,2014-06-20 13:20:28,Bia: Friday Run,Run,,2816,8250.0,false,,activities/170414584.tcx.gz
158325181,2014-06-26 10:31:51,Bia: Thursday Run,Run,,1908,6630.0,false,,activities/173086663.tcx.gz
159082346,2014-06-28 13:24:22,Bia: Saturday Run,Run,,2240,7180.0,false,,activities/173928733.tcx.gz
160279703,2014-07-01 10:28:46,Bia: Tuesday Run,Run,,1869,7020.0,false,,activities/175246443.tcx.gz
160726539,2014-07-02 10:29:53,Bia: Wednesday Run,Run,,2862,10030.0,false,,activities/175726934.tcx.gz
161148258,2014-07-03 10:34:24,Bia: Thursday Run,Run,,2088,6790.0,false,,activities/176181364.tcx.gz
163611112,2014-07-07 10:16:44,Bia: Monday Run,Run,,3047,10000.0,false,,activities/178848744.tcx.gz
163611115,2014-07-09 10:21:45,Bia: Wednesday Run,Run,,2969,9550.0,false,,activities/178848745.tcx.gz
164633601,2014-07-11 21:10:32,Bia: Friday Run,Run,,2213,7560.0,false,,activities/179962865.tcx.gz
167526216,2014-07-16 11:19:27,Bia: Wednesday Run,Run,,2369,8020.0,false,,activities/183097932.tcx.gz
167526222,2014-07-15 11:29:12,Bia: Tuesday Run,Run,,2082,6760.0,false,,activities/183097931.tcx.gz
167526235,2014-07-17 22:53:16,Bia: Thursday Run,Run,,4934,16020.0,false,,activities/183097942.tcx.gz
167885081,2014-07-19 10:46:43,Bia: Saturday Run,Run,,1995,6520.0,false,,activities/183486309.tcx.gz
169123747,2014-07-21 22:47:08,Bia: Monday Run,Run,,2980,9340.0,false,,activities/184826683.tcx.gz
169123748,2014-07-20 22:57:28,Bia: Sunday Run,Run,,1095,3540.0,false,,activities/184826678.tcx.gz
169123753,2014-07-20 22:24:40,Bia: Sunday Run,Run,,1891,6270.0,false,,activities/184826680.tcx.gz
169803287,2014-07-23 13:30:25,Bia: Wednesday Run,Run,,2882,9260.0,false,,activities/185562346.tcx.gz
170507670,2014-07-24 22:39:22,Bia: Thursday Run,Run,,4053,9390.0,false,,activities/186315422.tcx.gz
173372140,2014-07-31 06:27:58,Bia: Thursday Run,Run,,4177,14100.0,false,,activities/189489133.tcx.gz
173814119,2014-08-01 06:54:04,Bia: Friday Run,Run,,1298,4190.0,false,,activities/189966641.tcx.gz
175171515,2014-08-04 06:46:28,Bia: Monday Run,Run,,1740,5630.0,false,,activities/191602186.tcx.gz
175171517,2014-08-04 06:30:27,Bia: Monday Run,Run,,914,2930.0,false,,activities/191602185.tcx.gz
175649735,2014-08-05 06:56:07,Bia: Tuesday Run,Run,,1296,4183.0,false,,activities/192181468.tcx.gz
176710951,2014-08-07 08:05:01,Bia: Thursday Run,Run,"",3470,10875.4,false,"",activities/193582432.tcx.gz
177173813,2014-08-08 06:45:56,Bia: Friday Run,Run,"",5136,15798.6,false,"",activities/194207404.tcx.gz
179048514,2014-08-12 06:37:48,Bia: Tuesday Run,Run,,3096,10190.1,false,,activities/196725765.tcx.gz
179520677,2014-08-13 07:14:50,Bia: Wednesday Run,Run,,1815,6229.9,false,,activities/197356640.tcx.gz
182821795,2014-08-20 10:54:42,Bia: Wednesday Run,Run,,841,1850.1,false,,activities/201688648.tcx.gz
182821801,2014-08-19 08:37:55,Bia: Tuesday Run,Run,,3488,1885.8,false,,activities/201688652.tcx.gz
182821810,2014-08-19 09:36:34,Bia: Tuesday Run,Run,,3753,10861.2,false,,activities/201688656.tcx.gz
182821820,2014-08-16 07:03:53,Bia: Saturday Run,Run,,5476,17847.1,false,,activities/201688660.tcx.gz
182933231,2014-08-20 15:42:49,Bia: Wednesday Run,Run,,2563,8298.5,false,,activities/201814216.tcx.gz
183273504,2014-08-21 10:05:25,Bia: Thursday Run,Run,,2608,8403.0,false,,activities/202212359.tcx.gz
184055717,2014-08-23 07:27:04,Bia: Saturday Run,Run,,2529,7970.4,false,,activities/203208882.tcx.gz
187303726,2014-08-27 06:22:14,Bia: Wednesday Run,Run,,685,2329.3,false,,activities/207230524.tcx.gz
187303729,2014-08-27 06:34:34,Bia: Wednesday Run,Run,,1047,3437.4,false,,activities/207230527.tcx.gz
187303738,2014-08-26 07:06:59,Bia: Tuesday Run,Run,,2641,8555.8,false,,activities/207230529.tcx.gz
187303742,2014-08-30 11:32:48,Bia: Saturday Run,Run,,3756,12284.3,false,,activities/207230531.tcx.gz
190651453,2014-09-03 10:23:50,Bia: Wednesday Run,Run,,2310,8053.4,false,,activities/211213306.tcx.gz
190651458,2014-09-06 13:00:13,Bia: Saturday Run,Run,,5978,19171.0,false,,activities/211213311.tcx.gz
190651464,2014-09-04 10:06:40,Bia: Thursday Run,Run,,3767,12017.9,false,,activities/211213305.tcx.gz
191862736,2014-09-08 22:15:01,Bia: Monday Run,Run,,2105,7412.0,false,,activities/212687863.tcx.gz
192068103,2014-09-09 12:32:04,Bia: Tuesday Run,Run,,1717,6023.5,false,,activities/212964226.tcx.gz
192985916,2014-09-11 11:26:03,Bia: Thursday Run,Run,,3678,11675.8,false,,activities/214032624.tcx.gz
194667492,2014-09-14 20:41:21,Bia: Sunday Run,Run,,6723,21835.5,false,,activities/216041299.tcx.gz
196564494,2014-09-16 10:12:51,Bia: Tuesday Run,Run,,2928,10010.4,false,,activities/218258316.tcx.gz
196564497,2014-09-19 10:19:03,Bia: Friday Run,Run,,3599,12134.9,false,,activities/218258318.tcx.gz
196564499,2014-09-17 10:13:40,Bia: Wednesday Run,Run,,3742,11698.1,false,,activities/218258317.tcx.gz
198202929,2014-09-22 21:33:45,Bia: Monday Run,Run,,7294,23788.4,false,,activities/220201522.tcx.gz
198859773,2014-09-24 11:18:12,Bia: Wednesday Run,Run,,2648,8800.2,false,,activities/220970610.tcx.gz
199582497,2014-09-26 10:18:53,Bia: Friday Run,Run,,2515,8538.9,false,,activities/221829692.tcx.gz
200630082,2014-09-28 14:18:25,Bia: Sunday Run,Run,,7066,22746.1,false,,activities/223060723.tcx.gz
202236516,2014-09-30 10:08:36,Bia: Tuesday Run,Run,,2261,7638.9,false,,activities/224958107.tcx.gz
202236528,2014-10-02 10:06:07,Bia: Thursday Run,Run,,3085,9666.8,false,,activities/224958113.tcx.gz
203674289,2014-10-05 13:41:17,Bia: Sunday Run,Run,,9354,29542.7,false,,activities/226637699.tcx.gz
204365768,2014-10-07 10:34:17,Bia: Tuesday Run,Run,,1845,6461.2,false,,activities/227458417.tcx.gz
205736420,2014-10-08 10:07:22,Bia: Wednesday Run,Run,,3395,10508.6,false,,activities/229030800.tcx.gz
205736421,2014-10-10 21:31:29,Bia: Friday Run,Run,,2968,10225.9,false,,activities/229030804.tcx.gz
206480222,2014-10-12 13:47:11,Bia: Sunday Run,Run,,4200,13158.4,false,,activities/229901138.tcx.gz
206536677,2014-10-12 14:59:05,Bia: Sunday Run,Run,,5266,16581.8,false,,activities/229965645.tcx.gz
207775482,2014-10-15 21:05:21,Bia: Wednesday Run,Run,,2493,8432.1,false,,activities/231405433.tcx.gz
209264350,2014-10-17 10:22:43,Bia: Friday Run,Run,,2209,7797.0,false,,activities/233116206.tcx.gz
209264354,2014-10-18 19:15:59,Bia: Saturday Run,Run,,3208,10706.6,false,,activities/233116202.tcx.gz
209264372,2014-10-19 14:13:57,Bia: Sunday Run,Run,,6563,21527.7,false,,activities/233116210.tcx.gz
211631693,2014-10-21 10:13:43,Bia: Tuesday Run,Run,,2330,7346.9,false,,activities/235890122.tcx.gz
211631696,2014-10-23 10:18:08,Bia: Thursday Run,Run,,2402,8255.4,false,,activities/235890123.tcx.gz
211631701,2014-10-25 21:30:58,Bia: Saturday Run,Run,,3768,10682.9,false,,activities/235890125.tcx.gz
211924230,2014-10-26 13:22:36,Bia: Sunday Run,Run,,5644,18227.8,false,,activities/236234975.tcx.gz
212920229,2014-10-28 12:07:54,Bia: Tuesday Run,Run,,3589,11974.6,false,,activities/237403740.tcx.gz
213246334,2014-10-29 19:20:53,Bia: Wednesday Run,Run,,2994,8799.2,false,,activities/237785820.tcx.gz
214790640,2014-11-02 15:10:46,Bia: Sunday Run,Run,,14221,43718.8,false,,activities/240619136.tcx.gz
216931270,2014-11-08 18:03:53,Bia: Saturday Run,Run,,1906,6397.8,false,,activities/245241305.tcx.gz
222054487,2014-11-22 20:02:09,Bia: Saturday Run,Run,,1960,6511.5,false,,activities/250996006.tcx.gz
224576420,2014-11-29 22:50:29,Bia: Saturday Run,Run,,2701,6768.7,false,,activities/253831749.tcx.gz
225466253,2014-12-02 11:33:32,Bia: Tuesday Run,Run,,2034,6804.9,false,,activities/254844240.tcx.gz
225466258,2014-11-30 21:25:36,Bia: Sunday Run,Run,,3096,6371.0,false,,activities/254844242.tcx.gz
229075591,2014-12-13 21:37:51,Bia: Saturday Run,Run,,1228,3570.0,false,,activities/258986146.tcx.gz
231808305,2014-12-21 20:35:31,Bia: Sunday Run,Run,,1575,5271.9,false,,activities/262063298.tcx.gz
231808308,2014-12-22 12:28:22,Bia: Monday Run,Run,,1926,6356.6,false,,activities/262063297.tcx.gz
242715322,2014-12-23 13:27:54,Bia: Tuesday Run,Run,,2105,7339.6,false,,activities/274853943.tcx.gz
248736476,2015-01-31 22:20:12,Bia: Saturday Run,Run,,1082,3797.8,false,,activities/281527015.tcx.gz
254940083,2015-02-14 22:05:55,Bia: Saturday Run,Run,,2034,6931.0,false,,activities/288339296.tcx.gz
264501450,2015-02-21 21:45:33,Bia: Saturday Run,Run,,2143,6522.0,false,,activities/298949216.tcx.gz
264501451,2015-03-07 21:48:57,Bia: Saturday Run,Run,,1986,6689.7,false,,activities/298949217.tcx.gz
268532406,2015-03-14 20:25:35,Bia: Saturday Run,Run,,2452,8171.6,false,,activities/303456720.tcx.gz
268532410,2015-03-10 10:19:37,Bia: Tuesday Run,Run,,2052,6807.3,false,,activities/303456715.tcx.gz
268532418,2015-03-11 10:25:13,Bia: Wednesday Run,Run,,2051,6752.6,false,,activities/303456719.tcx.gz
268532451,2015-03-15 12:06:35,Bia: Sunday Run,Run,,4758,13191.9,false,,activities/303456739.tcx.gz
269548022,2015-03-17 10:47:16,Bia: Tuesday Run,Run,,2031,6650.8,false,,activities/304606109.tcx.gz
270666244,2015-03-19 12:39:14,Bia: Thursday Run,Run,,2165,7453.9,false,,activities/305845675.tcx.gz
272838436,2015-03-23 12:22:58,Bia: Monday Run,Run,,2142,7332.5,false,,activities/308308939.tcx.gz
273323193,2015-03-24 12:32:19,Bia: Tuesday Run,Run,,2170,7784.1,false,,activities/308845130.tcx.gz
273842122,2015-03-25 12:22:30,Bia: Wednesday Run,Run,,2248,7491.3,false,,activities/309417094.tcx.gz
276567751,2015-03-30 18:54:03,Bia: Monday Run,Run,,2478,7268.9,false,,activities/312488249.tcx.gz
277916209,2015-04-02 12:31:22,Bia: Thursday Run,Run,,2241,7794.9,false,,activities/313994039.tcx.gz
277916210,2015-04-01 12:33:37,Bia: Wednesday Run,Run,,2220,7409.9,false,,activities/313994038.tcx.gz
278439548,2015-04-03 12:11:26,"04/03/2015 Fishers, Indiana",Run,,2252,7252.6,false,,activities/314589265.fit.gz
279564618,2015-04-04 23:02:01,"04/04/2015 Fishers, Indiana",Run,,1164,2358.2,false,,activities/315880109.fit.gz
279960730,2015-04-05 22:33:39,"04/05/2015 Fishers, Indiana",Run,,905,1971.5,false,,activities/316331609.fit.gz
279960825,2015-04-05 22:52:40,"04/05/2015 Fishers, Indiana",Run,,1944,6496.3,false,,activities/316331710.fit.gz
280848970,2015-04-07 12:26:21,"04/07/2015 Fishers, Indiana",Run,,2156,7327.4,false,,activities/317345604.fit.gz
281424592,2015-04-08 12:06:38,"04/08/2015 Fishers, Indiana",Run,,1157,4008.9,false,,activities/317992962.fit.gz
283212521,2015-04-11 11:19:43,"04/11/2015 Montréal, Québec, Canada",Run,,1213,4582.6,false,,activities/320015887.fit.gz
285847424,2015-04-15 12:27:26,"04/15/2015 Fishers, Indiana",Run,,2108,7257.0,false,,activities/323047075.fit.gz
288525540,2015-04-19 12:06:44,"04/19/2015 Indianapolis, Indiana",Run,,3163,7461.8,false,,activities/326140816.fit.gz
289679937,2015-04-21 12:24:45,"04/21/2015 Fishers, Indiana",Run,,1966,6893.4,false,,activities/327493380.fit.gz
292265238,2015-04-25 13:56:40,"04/25/2015 Fishers, Indiana",Run,,2967,9521.7,false,,activities/330500017.fit.gz
293006304,2015-04-26 12:10:17,"04/26/2015 Indianapolis, Indiana",Run,,3341,8547.1,false,,activities/331365181.fit.gz
293212319,2015-04-26 20:49:24,"04/26/2015 Fishers, Indiana",Run,,997,2188.1,false,,activities/331605770.fit.gz
293539755,2015-04-27 12:29:57,"04/27/2015 Fishers, Indiana",Run,,2244,7383.6,false,,activities/331993401.fit.gz
294110051,2015-04-28 12:16:52,"04/28/2015 Fishers, Indiana",Run,,2212,7275.3,false,,activities/332654446.fit.gz
294742953,2015-04-29 12:32:17,"04/29/2015 Fishers, Indiana",Run,,1894,6409.9,false,,activities/333386055.fit.gz
298961504,2015-05-04 21:51:42,"05/04/2015 Fishers, Indiana",Run,,2522,7189.6,false,,activities/338295330.fit.gz
298961522,2015-05-05 12:52:02,"05/05/2015 Fishers, Indiana",Run,,741,2491.0,false,,activities/338295345.fit.gz
298961536,2015-05-05 13:09:08,"05/05/2015 Fishers, Indiana",Run,,3339,10255.5,false,,activities/338295362.fit.gz
300762512,2015-05-06 16:28:14,"05/06/2015 Fishers, Indiana",Run,,1438,4018.2,false,,activities/340344745.fit.gz
300762689,2015-05-07 12:33:22,"05/07/2015 Fishers, Indiana",Run,,2909,7329.7,false,,activities/340344966.fit.gz
300762786,2015-05-08 10:40:22,"05/08/2015 Fishers, Indiana",Run,,906,2081.9,false,,activities/340345069.fit.gz
301377047,2015-05-09 23:46:04,"05/09/2015 Fishers, Indiana",Run,,906,2101.5,false,,activities/341037178.fit.gz
305869814,2015-05-16 20:51:51,"05/16/2015 Fishers, Indiana",Run,,1578,3005.8,false,,activities/346105025.fit.gz
305886164,2015-05-16 21:22:22,"05/16/2015 Fishers, Indiana",Run,,1990,6496.2,false,,activities/346123726.fit.gz
306979496,2015-05-18 12:50:06,"05/18/2015 Fishers, Indiana",Run,,2195,7234.2,false,,activities/347375051.fit.gz
307543806,2015-05-19 12:19:44,"05/19/2015 Fishers, Indiana",Run,,2177,7330.9,false,,activities/348007694.fit.gz
308157527,2015-05-20 12:34:03,"05/20/2015 Fishers, Indiana",Run,,2136,7268.4,false,,activities/348690425.fit.gz
308761513,2015-05-21 11:15:13,"05/21/2015 Fishers, Indiana",Walk,,1081,1467.0,false,,activities/349362929.fit.gz
310388676,2015-05-23 22:34:05,"05/23/2015 Fishers, Indiana",Run,,2822,7263.8,false,,activities/351200883.fit.gz
311887839,2015-05-25 21:36:11,"05/25/2015 Fishers, Indiana",Run,,2412,7153.4,false,,activities/352908144.fit.gz
314114621,2015-05-29 12:46:54,"05/29/2015 Fishers, Indiana",Run,,2225,7185.0,false,,activities/355399185.fit.gz
316138748,2015-06-01 12:39:39,"06/01/2015 Fishers, Indiana",Run,,2197,7269.5,false,,activities/357690155.fit.gz
316448275,2015-06-01 23:03:27,"06/01/2015 Fishers, Indiana",Run,,779,2008.3,false,,activities/358038493.fit.gz
320688341,2015-06-03 23:03:33,"06/03/2015 Fishers, Indiana",Run,,845,2003.6,false,,activities/362876340.fit.gz
320698114,2015-06-04 12:23:21,"06/04/2015 Fishers, Indiana",Run,,2214,7212.7,false,,activities/362887595.fit.gz
320698387,2015-06-07 15:42:14,"06/07/2015 Fishers, Indiana",Run,,1427,4009.5,false,,activities/362887897.fit.gz
321629752,2015-06-09 10:26:14,"06/09/2015 Fishers, Indiana",Run,,1933,6500.3,false,,activities/363939623.fit.gz
322855699,2015-06-10 22:55:33,06/10/2015,Swim,,103,25.0,false,,activities/365366357.fit.gz
323128799,2015-06-11 10:27:55,"06/11/2015 Fishers, Indiana",Run,,1997,6439.5,false,,activities/365655056.fit.gz
323801204,2015-06-12 10:35:38,"06/12/2015 Fishers, Indiana",Run,,1402,4019.8,false,,activities/366411552.fit.gz
326277559,2015-06-15 23:04:03,"06/15/2015 Fishers, Indiana",Run,,1199,2605.4,false,,activities/369218267.fit.gz
327721953,2015-06-17 12:19:23,"06/17/2015 Fishers, Indiana",Run,,3000,10008.6,false,,activities/370853259.fit.gz
330424027,2015-06-18 12:50:07,"06/18/2015 Fishers, Indiana",Run,,2007,6591.4,false,,activities/374205878.fit.gz
330424092,2015-06-20 12:38:48,"06/20/2015 Fishers, Indiana",Run,,896,2136.2,false,,activities/374205943.fit.gz
330567517,2015-06-22 10:57:08,"06/22/2015 State College, Pennsylvania",Run,,1842,5505.3,false,,activities/374372757.fit.gz
331179131,2015-06-23 10:38:16,"06/23/2015 State College, Pennsylvania",Run,,2329,6567.1,false,,activities/375057696.fit.gz
333049453,2015-06-25 23:02:20,"06/25/2015 Fishers, Indiana",Run,,839,2040.4,false,,activities/377163560.fit.gz
334300603,2015-06-27 20:35:16,"06/27/2015 Indianapolis, Indiana",Run,,796,2211.5,false,,activities/378580906.fit.gz
335159973,2015-06-28 23:29:20,"06/28/2015 Fishers, Indiana",Run,,1352,5020.8,false,,activities/379568073.fit.gz
336837689,2015-07-01 12:27:33,"07/01/2015 Fishers, Indiana",Run,,2159,7213.0,false,,activities/381457744.fit.gz
337522739,2015-07-02 12:26:30,"07/02/2015 Fishers, Indiana",Run,,2652,7253.3,false,,activities/382226869.fit.gz
341532289,2015-07-04 12:45:47,"07/04/2015 Fishers, Indiana",Run,,811,2033.6,false,,activities/386775978.fit.gz
341532714,2015-07-07 12:50:11,"07/07/2015 Fishers, Indiana",Run,,2162,7194.2,false,,activities/386775992.fit.gz
341532715,2015-07-07 21:18:02,"07/07/2015 Fishers, Indiana",Run,,1170,3663.2,false,,activities/386776001.fit.gz
348257318,2015-07-17 14:21:39,"07/17/2015 Dijon, Bourgogne, France",Run,,2784,8336.6,false,,activities/394491191.fit.gz
349406156,2015-07-19 13:10:00,"07/19/2015 Is-sur-Tille, Bourgogne, France",Run,,2647,7009.2,false,,activities/395817105.fit.gz
350583056,2015-07-21 04:51:40,"07/21/2015 Dijon, Bourgogne, France",Run,,842,2009.9,false,,activities/397167080.fit.gz
351388092,2015-07-22 05:34:39,"07/22/2015 Dijon, Bourgogne, France",Run,"",1456,4641.3,false,,activities/398064917.fit.gz
354964408,2015-07-25 06:16:49,07/25/2015,Run,,4718,13964.7,false,,activities/401800400.fit.gz
355615940,2015-07-27 06:05:25,"07/27/2015 Douarnenez, Bretagne, France",Run,,2949,8325.5,false,,activities/402474328.fit.gz
357324758,2015-07-30 13:21:01,"07/30/2015 Crozon, Bretagne, France",Run,,2389,4307.6,false,,activities/404250889.fit.gz
358481484,2015-08-01 07:04:33,"08/01/2015 Sassangy, Bourgogne, France",Run,"",5872,15778.2,false,,activities/405467228.fit.gz
358531794,2015-08-01 09:21:15,"08/01/2015 Sassangy, Bourgogne, France",Walk,,3244,3113.1,false,,activities/405520496.fit.gz
359574485,2015-08-02 14:22:44,"08/02/2015 Sassangy, Bourgogne, France",Walk,,2281,1869.2,false,,activities/406668291.fit.gz
360062871,2015-08-03 05:12:37,"08/03/2015 Dijon, Bourgogne, France",Run,,911,2098.9,false,,activities/407188129.fit.gz
360073385,2015-08-03 05:37:49,"08/03/2015 Dijon, Bourgogne, France",Run,,1757,4995.2,false,,activities/407198503.fit.gz
361565500,2015-08-05 06:08:35,"08/05/2015 Dijon, Bourgogne, France",Run,,2064,7016.9,false,,activities/408771564.fit.gz
362862925,2015-07-29 07:48:58,"07/29/2015 Douarnenez, Bretagne, France",Run,,2646,6102.9,false,,activities/410140304.fit.gz
363100960,2015-08-07 05:28:14,"08/07/2015 Dijon, Bourgogne, France",Run,,3248,7981.9,false,,activities/410425216.fit.gz
366201896,2015-08-09 10:29:20,"08/09/2015 Dijon, Bourgogne, France",Run,,1097,3522.1,false,,activities/413858526.fit.gz
368900014,2015-08-12 22:36:01,"08/12/2015 Fishers, Indiana",Run,,837,2012.3,false,,activities/416693530.fit.gz
368900114,2015-08-14 12:51:23,"08/14/2015 Fishers, Indiana",Run,,2250,7471.2,false,,activities/416693669.fit.gz
369871666,2015-08-15 23:03:38,"08/15/2015 Fishers, Indiana",Run,,1650,5626.4,false,,activities/417716584.fit.gz
370634466,2015-08-16 13:03:21,"08/16/2015 Fishers, Indiana",Run,,24831,7445.6,false,,activities/418518496.fit.gz
371764311,2015-08-18 12:18:56,"08/18/2015 Fishers, Indiana",Run,,1962,6498.8,false,,activities/419697021.fit.gz
372536515,2015-08-19 12:50:27,"08/19/2015 Fishers, Indiana",Ride,"",1167,7407.2,false,Giant Revel 1,activities/420499839.fit.gz
373312852,2015-08-20 12:39:21,Morning Run,Workout,"",2290,7430.8,,,activities/421310654.fit.gz
373719255,2015-08-20 23:07:23,Evening Run,Run,,1326,2045.2,false,,activities/421733551.fit.gz
376744894,2015-08-24 23:12:45,Evening Run,Run,,868,2119.2,false,,activities/424917902.fit.gz
378232550,2015-08-26 22:31:26,Evening Run,Run,,2918,8827.2,false,,activities/426465421.fit.gz
392287792,2015-08-29 14:26:28,Morning Run,Run,,3804,11542.8,false,,activities/441150102.fit.gz
392288356,2015-08-30 15:09:42,Lunch Run,Run,,1294,4013.8,false,,activities/441150395.fit.gz
392288715,2015-09-02 12:24:18,Morning Run,Run,,85226,3100.9,false,,activities/441150677.fit.gz
392288996,2015-09-13 16:57:17,Lunch Run,Run,,1154,1996.2,false,,activities/441151791.fit.gz
392289214,2015-09-03 12:28:06,Morning Run,Run,,2241,7270.1,false,,activities/441151152.fit.gz
392289492,2015-09-14 10:13:13,Morning Run,Run,,2166,6509.5,false,,activities/441152295.fit.gz
392289511,2015-09-05 13:11:34,Morning Run,Run,,891,2163.7,false,,activities/441151377.fit.gz
392289766,2015-09-08 10:55:19,Morning Run,Run,,1147,2261.2,false,,activities/441151620.fit.gz
392645622,2015-09-15 10:19:18,Morning Run,Run,,2128,6531.0,false,,activities/441520906.fit.gz
394012091,2015-09-17 10:19:12,Morning Run,Run,,2076,6527.0,false,,activities/442928044.fit.gz
394411561,2015-09-17 21:47:39,Afternoon Run,Run,,1306,2091.3,false,,activities/443340263.fit.gz
400543476,2015-09-20 21:21:48,Afternoon Run,Run,,1439,2256.0,false,,activities/449740450.fit.gz
400543492,2015-09-20 21:59:34,Afternoon Run,Run,,2506,6473.2,false,,activities/449740475.fit.gz
400543517,2015-09-22 10:15:00,Morning Run,Run,,1948,6503.4,false,,activities/449740493.fit.gz
400543540,2015-09-24 10:19:44,Morning Run,Run,,420,1160.1,false,,activities/449740512.fit.gz
400543668,2015-09-26 11:47:49,Morning Run,Run,,2008,6804.6,false,,activities/449740540.fit.gz
403812891,2015-09-27 21:11:22,Afternoon Run,Run,,874,2005.9,false,,activities/453120340.fit.gz
403812898,2015-09-28 10:16:45,Morning Run,Run,,2146,6496.1,false,,activities/453120344.fit.gz
403812910,2015-09-30 10:23:45,Morning Run,Run,,2058,6500.6,false,,activities/453120353.fit.gz
403812912,2015-09-30 22:38:23,Evening Run,Run,,927,2272.5,false,,activities/453120355.fit.gz
406564545,2015-10-02 10:18:29,Morning Run,Run,,2092,6499.1,false,,activities/455981226.fit.gz
406564630,2015-10-04 16:41:16,Lunch Run,Run,,3355,10012.2,false,,activities/455981303.fit.gz
407957894,2015-10-07 06:19:29,Night Run,Run,,2558,8307.8,false,,activities/457418315.fit.gz
408717393,2015-10-08 10:16:41,Morning Run,Run,,2170,6859.4,false,,activities/458202363.fit.gz
412169894,2015-10-12 10:17:51,Morning Run,Run,,2139,6509.6,false,,activities/461790063.fit.gz
412169934,2015-10-10 14:00:26,Morning Run,Run,,3105,10006.7,false,,activities/461789994.fit.gz
412169937,2015-10-12 23:02:51,Evening Run,Run,,832,2072.8,false,,activities/461790098.fit.gz
412169952,2015-10-10 21:07:58,Afternoon Run,Run,,854,2182.8,false,,activities/461790018.fit.gz
412829876,2015-10-14 10:21:01,Morning Run,Run,,2198,6504.0,false,,activities/462471331.fit.gz
414047243,2015-10-16 10:19:00,Morning Run,Run,,2805,6516.0,false,,activities/463727400.fit.gz
416237170,2015-10-18 16:17:07,Lunch Run,Run,,1280,3007.1,false,,activities/466003976.fit.gz
416715548,2015-10-20 10:53:51,Morning Run,Run,,2425,8062.2,false,,activities/466498113.fit.gz
417726689,2015-10-21 22:06:49,Evening Run,Run,,1268,3027.9,false,,activities/467543968.fit.gz
424492766,2015-10-22 10:51:17,Morning Run,Run,,2657,8127.7,false,,activities/474583167.fit.gz
424493030,2015-10-26 10:31:36,Morning Run,Run,,2048,6508.0,false,,activities/474583584.fit.gz
424493391,2015-10-28 10:28:24,Morning Run,Run,,2183,6816.3,false,,activities/474584185.fit.gz
424494053,2015-11-01 14:20:07,Morning Run,Run,,3913,10013.2,false,,activities/474585045.fit.gz
425193793,2015-11-02 17:07:57,Lunch Run,Run,,2639,8024.5,false,,activities/475315844.fit.gz
429032032,2015-11-06 23:05:44,Evening Run,Run,,775,2002.2,false,,activities/479284298.fit.gz
429032145,2015-11-07 14:10:33,Morning Run,Run,,2117,6848.4,false,,activities/479284452.fit.gz
429032254,2015-11-08 16:49:16,Lunch Run,Run,,3072,9026.8,false,,activities/479284617.fit.gz
430074295,2015-11-10 11:19:37,Morning Run,Run,,2127,6171.2,false,,activities/480362546.fit.gz
439917822,2015-11-15 17:09:45,Lunch Run,Run,,1100,2487.6,false,,activities/490503163.fit.gz
439917937,2015-11-16 11:22:54,Morning Run,Run,,2001,6326.1,false,,activities/490503262.fit.gz
439918105,2015-11-18 10:26:58,Morning Run,Run,,3616,11572.4,false,,activities/490503430.fit.gz
439918197,2015-11-20 11:20:32,Morning Run,Run,,2069,6433.9,false,,activities/490503512.fit.gz
439918229,2015-11-21 14:23:09,Morning Run,Run,,912,2272.8,false,,activities/490503560.fit.gz
439918349,2015-11-22 17:36:56,Lunch Run,Run,,3166,8993.2,false,,activities/490503664.fit.gz
439918413,2015-11-26 14:19:17,Morning Run,Run,,2053,4429.8,false,,activities/490503728.fit.gz
441934138,2015-11-30 11:21:36,Morning Run,Run,,2027,6503.7,false,,activities/492588867.fit.gz
443019463,2015-12-02 11:20:12,Morning Run,Run,,2440,6829.5,false,,activities/493689711.fit.gz
444108023,2015-12-04 11:57:52,Morning Run,Run,,2271,6613.0,false,,activities/494801791.fit.gz
444783239,2015-12-05 16:00:46,Lunch Run,Run,,877,2262.8,false,,activities/495494498.fit.gz
447472609,2015-12-06 17:26:34,Lunch Run,Run,,3751,9431.0,false,,activities/498249928.fit.gz
447472611,2015-12-09 22:56:15,Afternoon Run,Run,,839,2127.4,false,,activities/498249931.fit.gz
448199880,2015-12-11 11:21:16,Morning Run,Run,,1969,6529.3,false,,activities/498991187.fit.gz
449815668,2015-12-13 22:28:20,Afternoon Run,Run,,864,2038.2,false,,activities/500665331.fit.gz
450335805,2015-12-14 13:45:53,Morning Run,Run,,2565,7266.1,false,,activities/501194678.fit.gz
451624910,2015-12-15 13:19:04,Morning Run,Run,,2214,7289.9,false,,activities/502506380.fit.gz
451624912,2015-12-17 11:28:25,Morning Run,Run,,1361,4289.8,false,,activities/502506386.fit.gz
451624915,2015-12-17 11:55:20,Morning Run,Run,,785,2361.0,false,,activities/502506395.fit.gz
453921845,2015-12-19 17:14:30,Lunch Run,Run,,3060,9130.8,false,,activities/504864648.fit.gz
453921851,2015-12-21 12:37:40,Morning Run,Run,,2041,6494.3,false,,activities/504864657.fit.gz
456839036,2015-12-26 21:08:01,Afternoon Run,Run,,854,2190.4,false,,activities/507860968.fit.gz
459019369,2015-12-29 22:15:53,Afternoon Run,Run,,1,0.1,false,,activities/510110350.fit.gz
459019388,2015-12-29 22:16:19,Afternoon Run,Run,,3384,8506.7,false,,activities/510110368.fit.gz
460124197,2015-12-30 21:14:10,Afternoon Run,Run,,2379,6557.4,false,,activities/511247173.fit.gz
460124200,2015-12-31 16:16:14,Lunch Run,Run,,802,2016.7,false,,activities/511247182.fit.gz
462845345,2016-01-02 16:21:15,Lunch Run,Run,,3263,9199.7,false,,activities/514052670.fit.gz
482235306,2016-01-04 13:51:13,Morning Run,Run,,2351,7283.0,false,,activities/533705179.fit.gz
482235318,2016-01-06 13:38:07,Morning Run,Run,,2194,7252.6,false,,activities/533705192.fit.gz
482235337,2016-01-08 13:35:39,Morning Run,Run,,2261,7256.1,false,,activities/533705213.fit.gz
482235350,2016-01-15 13:35:27,Morning Run,Run,,2239,7254.5,false,,activities/533705227.fit.gz
482235353,2016-01-18 23:25:13,Evening Run,Run,,1287,3717.7,false,,activities/533705235.fit.gz
482235371,2016-01-24 13:03:58,Morning Run,Run,,3441,8228.4,false,,activities/533705244.fit.gz
482235373,2016-01-30 22:18:02,Afternoon Run,Run,,3158,9106.0,false,,activities/533705258.fit.gz
495951593,2016-02-17 22:26:11,Afternoon Run,Run,,2703,8165.4,false,,activities/547557312.fit.gz
496722815,2016-02-18 23:37:47,Evening Run,Run,,2362,6726.9,false,,activities/548329013.fit.gz
498251785,2016-02-20 23:01:41,Evening Run,Run,,1136,2598.3,false,,activities/549883301.fit.gz
499275583,2016-02-21 20:54:33,Afternoon Run,Run,,3869,7124.9,false,,activities/550977799.fit.gz
501581681,2016-02-22 23:58:35,Evening Run,Run,,789,2007.1,false,,activities/553346101.fit.gz
501581688,2016-02-23 13:37:11,Morning Run,Run,,2273,7189.0,false,,activities/553346109.fit.gz
501581701,2016-02-24 21:53:33,Afternoon Run,Run,,2483,7180.4,false,,activities/553346124.fit.gz
502852363,2016-02-26 17:10:53,Lunch Run,Run,,1963,6511.6,false,,activities/554622628.fit.gz
510527988,2016-03-06 21:20:07,Afternoon Run,Run,,2920,9157.8,false,,activities/562426764.fit.gz
510529527,2016-02-29 13:53:59,Morning Run,Run,,2332,7240.8,false,,activities/562426562.fit.gz
510529588,2016-03-01 13:41:37,Morning Run,Run,,2223,7278.4,false,,activities/562426627.fit.gz
510529611,2016-03-03 13:21:04,Morning Run,Run,,2252,7269.5,false,,activities/562426684.fit.gz
518150886,2016-03-07 15:33:27,Morning Run,Run,,2488,8007.3,false,,activities/570581971.fit.gz
518150901,2016-03-09 13:41:03,Morning Run,Run,,2593,8004.7,false,,activities/570581988.fit.gz
518150910,2016-03-11 13:29:30,Morning Run,Run,,1694,5639.2,false,,activities/570582004.fit.gz
518150939,2016-03-15 23:26:19,Evening Run,Run,,845,2144.8,false,,activities/570582024.fit.gz
518150940,2016-03-15 12:32:48,Morning Run,Run,,2555,8007.1,false,,activities/570582017.fit.gz
518392816,2016-03-16 09:58:32,Morning Run,Run,,2593,8416.1,false,,activities/570825396.fit.gz
523075152,2016-03-21 17:40:17,Afternoon Run,Run,,1320,4557.3,false,,activities/575595833.fit.gz
527650862,2016-03-22 12:24:15,Morning Run,Run,,2565,8008.4,false,,activities/580263321.fit.gz
527650867,2016-03-26 21:57:51,Afternoon Run,Run,,1779,3935.3,false,,activities/580263333.fit.gz
535516285,2016-03-28 19:10:30,Lunch Run,Run,,1902,6009.4,false,,activities/588342607.fit.gz
535516324,2016-04-01 17:52:09,Morning Run,Run,,966,1954.1,false,,activities/588342655.fit.gz
535541031,2016-04-04 12:54:59,Morning Run,Run,,2552,7837.9,false,,activities/588368231.fit.gz
536492466,2016-04-05 14:12:23,Morning Run,Run,,2565,8008.6,false,,activities/589336047.fit.gz
542677759,2016-04-11 22:40:00,Evening Run,Run,,1509,4151.4,false,,activities/595642678.fit.gz
544663244,2016-04-12 12:34:13,Morning Run,Run,,2641,8358.4,false,,activities/597681136.fit.gz
544663261,2016-04-13 12:31:03,Morning Run,Run,,2319,7253.4,false,,activities/597681154.fit.gz
544663271,2016-04-13 22:48:26,Evening Run,Run,,898,2142.6,false,,activities/597681173.fit.gz
546032053,2016-04-15 12:35:29,Morning Run,Run,,2177,6470.9,false,,activities/599084321.fit.gz
549138865,2016-04-17 13:15:25,Morning Run,Run,,982,2270.5,false,,activities/602310648.fit.gz
556829429,2016-04-25 22:18:18,Evening Run,Run,,1562,4642.1,false,,activities/610396445.fit.gz
556829841,2016-04-18 12:35:36,Morning Run,Run,,2654,8485.3,false,,activities/610396557.fit.gz
556829882,2016-04-20 12:44:50,Morning Run,Run,,2188,7091.0,false,,activities/610396699.fit.gz
556830018,2016-04-22 12:38:07,Morning Run,Run,,2193,7129.7,false,,activities/610396877.fit.gz
562465369,2016-05-01 19:07:35,Afternoon Run,Run,,1201,1378.8,false,,activities/616181030.fit.gz
562528456,2016-04-26 22:34:46,Evening Run,Run,,1049,2071.7,false,,activities/616180980.fit.gz
562528487,2016-04-27 12:19:54,Morning Run,Run,,2715,8449.5,false,,activities/616181011.fit.gz
562945496,2016-05-02 10:18:15,Morning Run,Run,,2101,6499.7,false,,activities/616670033.fit.gz
566825395,2016-05-05 23:29:08,Evening Run,Run,,949,2270.3,false,,activities/620651702.fit.gz
570437878,2016-05-06 12:20:01,Morning Run,Run,,2766,8475.7,false,,activities/624399379.fit.gz
570437886,2016-05-07 19:20:09,Afternoon Run,Run,,912,2106.2,false,,activities/624399388.fit.gz
570437925,2016-05-09 10:21:05,Morning Run,Run,,2103,6555.3,false,,activities/624399428.fit.gz
573495517,2016-05-12 10:19:31,Morning Run,Run,,2211,6454.3,false,,activities/627531411.fit.gz
577009889,2016-05-15 14:46:37,Morning Run,Run,,3194,10007.5,false,,activities/631172066.fit.gz
579932466,2016-05-18 10:21:08,Morning Run,Run,,1966,6468.4,false,,activities/634191224.fit.gz
580993007,2016-05-18 22:52:35,Evening Run,Run,,965,2239.2,false,,activities/635275226.fit.gz
581975397,2016-05-20 10:42:58,Morning Run,Run,,2091,6461.0,false,,activities/636287920.fit.gz
583621150,2016-05-21 21:12:58,Afternoon Run,Run,,896,2013.8,false,,activities/637991322.fit.gz
584986142,2016-05-22 23:01:25,Evening Run,Run,,1320,4311.5,false,,activities/639419436.fit.gz
586281448,2016-05-24 10:52:44,Morning Run,Run,,2060,6471.5,false,,activities/640745829.fit.gz
599628212,2016-06-05 16:20:13,Lunch Run,Run,,2057,5360.7,false,,activities/654498111.fit.gz
599753727,2016-05-26 23:16:57,Afternoon Run,Run,,3617,9935.0,false,,activities/654497944.fit.gz
599753730,2016-05-27 17:32:09,Morning Run,Run,,2105,6663.8,false,,activities/654497970.fit.gz
599753757,2016-05-28 17:53:22,Morning Run,Run,,2308,6532.6,false,,activities/654498007.fit.gz
599753778,2016-05-29 18:51:29,Lunch Run,Run,,1829,6004.5,false,,activities/654498025.fit.gz
599753809,2016-05-31 14:04:29,Morning Run,Run,,1391,5061.7,false,,activities/654498056.fit.gz
600365196,2016-06-06 11:17:08,Morning Run,Run,,2365,6496.6,false,,activities/655254962.fit.gz
601414570,2016-06-07 11:01:38,Morning Run,Run,,2175,6815.8,false,,activities/656332294.fit.gz
602554646,2016-06-08 11:04:54,Morning Run,Run,,2054,6513.4,false,,activities/657517973.fit.gz
604719310,2016-06-10 10:53:42,Morning Run,Run,,2666,8484.8,false,,activities/659792873.fit.gz
606848719,2016-06-12 11:06:54,Morning Run,Run,,2064,5595.0,false,,activities/662021760.fit.gz
607984309,2016-06-13 11:09:06,Morning Run,Run,,1601,4297.6,false,,activities/663199543.fit.gz
625055926,2016-06-14 10:35:28,Morning Run,Run,,3085,9530.3,false,,activities/681044156.fit.gz
625055942,2016-06-15 23:01:28,Evening Run,Run,,860,2068.1,false,,activities/681044172.fit.gz
625055965,2016-06-17 11:13:45,Morning Run,Run,,2284,6504.5,false,,activities/681044190.fit.gz
625055986,2016-06-21 10:16:12,Morning Run,Run,,2139,6502.3,false,,activities/681044202.fit.gz
625055995,2016-06-21 22:31:05,Evening Run,Run,,870,2053.4,false,,activities/681044211.fit.gz
625056009,2016-06-22 09:45:22,Morning Run,Run,,3897,12004.6,false,,activities/681044233.fit.gz
625056025,2016-06-24 10:43:45,Morning Run,Run,,2243,6504.7,false,,activities/681044249.fit.gz
625056039,2016-06-27 10:56:25,Morning Run,Run,,2230,6452.6,false,,activities/681044268.fit.gz
625056052,2016-06-28 11:09:18,Morning Run,Run,,1320,4366.9,false,,activities/681044289.fit.gz
625056147,2016-06-29 11:22:20,Morning Run,Run,,2172,6356.1,false,,activities/681044306.fit.gz
633108047,2016-07-07 13:13:53,Afternoon Run,Run,,3367,9007.6,false,,activities/695277716.fit.gz
633108423,2016-07-06 04:24:13,Morning Run,Run,,4957,13515.9,false,,activities/695278351.fit.gz
637223879,2016-07-11 07:30:40,Morning Run,Run,,4543,9351.4,false,,activities/702606196.fit.gz
640345814,2016-07-13 09:07:57,Lunch Run,Run,,2931,7280.7,false,,activities/706446252.fit.gz
640445056,2016-07-14 07:27:35,Morning Run,Run,,6366,13158.4,false,,activities/706550641.fit.gz
642353100,2016-07-16 08:03:08,Morning Run,Run,,25,0.0,false,,activities/708583563.fit.gz
644747406,2016-07-18 05:42:30,Morning Run,Run,,2560,7771.6,false,,activities/711137737.fit.gz
653945767,2016-07-21 05:36:36,Morning Run,Run,,2313,6112.8,false,,activities/720989244.fit.gz
653945784,2016-07-26 10:59:51,Morning Run,Run,,2143,6524.2,false,,activities/720989265.fit.gz
656221135,2016-07-28 10:35:58,Morning Run,Run,,2030,6455.8,false,,activities/723425999.fit.gz
664366455,2016-08-02 23:24:51,Evening Run,Run,,2068,6007.3,false,,activities/732651395.fit.gz
666764277,2016-08-04 18:31:30,Afternoon Run,Run,,2,0.6,false,,activities/735253633.fit.gz
667885449,2016-08-07 14:56:11,Morning Run,Run,,2075,6298.0,false,,activities/736475074.fit.gz
669892273,2016-08-09 10:49:33,Morning Run,Run,,2255,6430.9,false,,activities/738662767.fit.gz
677914130,2016-08-14 14:02:39,Morning Run,Run,,1169,3130.7,false,,activities/747379672.fit.gz
677914143,2016-08-16 10:53:37,Morning Run,Run,,2023,6468.6,false,,activities/747379699.fit.gz
680355482,2016-08-18 11:15:24,Morning Run,Run,,1576,4269.3,false,,activities/750014076.fit.gz
684783126,2016-08-22 11:22:56,Morning Run,Run,,895,2107.3,false,,activities/754799492.fit.gz
685891084,2016-08-23 10:24:44,Morning Run,Run,,2923,8068.9,false,,activities/755988972.fit.gz
687195839,2016-08-24 10:43:01,Morning Run,Run,,3084,8625.3,false,,activities/757378776.fit.gz
688365579,2016-08-25 10:19:53,Morning Run,Run,,2296,6478.8,false,,activities/758623448.fit.gz
691321612,2016-08-27 21:53:48,Afternoon Run,Run,,3176,8504.8,false,,activities/761798118.fit.gz
692136750,2016-08-28 13:29:59,Morning Run,Run,,5755,15336.5,false,,activities/762675690.fit.gz
694160414,2016-08-30 10:15:32,Morning Run,Run,,3190,9425.1,false,,activities/764865028.fit.gz
695405079,2016-08-31 10:44:49,Morning Crossfit,WaterSport,,1800,0.0,false,,
696581077,2016-09-01 10:03:06,Morning Run,Run,,2856,7683.1,false,,activities/767573670.fit.gz
697734487,2016-09-02 11:20:32,Morning Run,Run,,874,2119.2,false,,activities/768811526.fit.gz
698814735,2016-09-03 11:02:07,Morning Run,Run,,2499,7744.9,false,,activities/769965713.fit.gz
702363009,2016-09-06 10:01:02,Morning Run,Run,,4892,11399.7,false,,activities/773770523.fit.gz
703511357,2016-09-04 15:16:50,Lunch Run,Run,,6817,13736.1,false,,activities/774998633.fit.gz
703511420,2016-09-07 10:22:44,Morning Run,Run,,2222,6473.0,false,,activities/774998660.fit.gz
704732692,2016-09-08 10:22:26,Morning Run,Run,,3286,8542.9,false,,activities/776316111.fit.gz
705869421,2016-09-09 11:23:04,Morning Run,Run,,793,1911.3,false,,activities/777560642.fit.gz
709521307,2016-09-12 10:14:09,Morning Run,Run,,3177,9192.0,false,,activities/781587205.fit.gz
710228605,2016-09-12 23:00:05,Evening Run,Run,,996,2284.8,false,,activities/782365269.fit.gz
710630316,2016-09-13 10:03:03,Morning Run,Run,,3275,10122.8,false,,activities/782820642.fit.gz
715750453,2016-09-14 12:11:46,Morning Run,Run,,2714,8486.2,false,,activities/788516952.fit.gz
715750474,2016-09-17 19:20:16,Afternoon Run,Run,,2346,7414.1,false,,activities/788516973.fit.gz
717221523,2016-09-18 20:13:46,Afternoon Run,Run,,5396,14026.7,false,,activities/790151022.fit.gz
723186050,2016-09-21 10:21:46,Morning Run,Run,,2176,6457.9,false,,activities/796972432.fit.gz
723186091,2016-09-22 10:13:24,Morning Run,Run,,2975,9171.5,false,,activities/796972479.fit.gz
723186130,2016-09-24 12:38:46,Morning Run,Run,,3465,10674.1,false,,activities/796972511.fit.gz
727635476,2016-09-25 17:51:46,Afternoon Ride,Ride,,2740,10217.5,false,Giant Revel 1,activities/802073047.fit.gz
727635488,2016-09-25 19:08:21,Afternoon Ride,Ride,,1782,6986.0,false,Giant Revel 1,activities/802073063.fit.gz
727635591,2016-09-27 10:19:24,Morning Run,Run,,1997,6336.3,false,,activities/802073084.fit.gz
727635614,2016-09-28 10:10:26,Morning Run,Run,,2954,9586.1,false,,activities/802073102.fit.gz
729791396,2016-09-29 10:08:03,Morning Run,Run,,2541,6948.0,false,,activities/804554970.fit.gz
729960566,2016-09-30 16:07:57,Lunch Run,Run,,2668,8527.9,false,,activities/804748129.fit.gz
732120375,2016-10-02 13:01:39,Morning Run,Run,,7620,21702.2,false,,activities/807165840.fit.gz
735012247,2016-10-05 10:42:42,Morning Run,Run,,1264,4301.4,false,,activities/810473556.fit.gz
736056084,2016-10-06 10:13:23,Morning Run,Run,,2385,7240.2,false,,activities/811717267.fit.gz
737324296,2016-10-07 16:06:27,Lunch Run,Run,,3558,10687.2,false,,activities/813261156.fit.gz
739925592,2016-10-09 18:52:08,Afternoon Run,Run,,4128,10792.9,false,,activities/816246666.fit.gz
741252808,2016-10-11 10:14:27,Morning Run,Run,,2733,8019.2,false,,activities/817793680.fit.gz
750109678,2016-10-19 23:09:51,Evening Run,Run,,4642,11041.6,false,,activities/828608930.fit.gz
750109852,2016-10-14 12:27:43,Morning Run,Run,,2430,6679.2,false,,activities/828609201.fit.gz
754940871,2016-10-15 22:47:32,Evening Run,Run,,2541,7519.9,false,,activities/834203619.fit.gz
755007972,2016-10-24 21:39:30,Afternoon Run,Run,,3809,12035.3,false,,activities/834274875.fit.gz
755920786,2016-10-25 20:46:33,Afternoon Run,Run,,3712,7330.5,false,,activities/835333200.fit.gz
763636469,2016-11-02 13:06:19,Morning Run,Run,,2501,8497.5,false,,activities/844327212.fit.gz
765148091,2016-11-03 22:41:20,Evening Run,Run,,1533,4001.4,false,,activities/846057086.fit.gz
767989429,2016-11-06 17:14:07,Lunch Run,Run,,1756,4399.1,false,,activities/849353143.fit.gz
772161267,2016-11-11 11:19:15,Morning Run,Run,,2026,6491.8,false,,activities/854199764.fit.gz
775167429,2016-11-13 17:28:54,Lunch Run,Run,,2969,8724.5,false,,activities/857697550.fit.gz
775167470,2016-11-14 11:45:51,Morning Run,Run,,2149,6366.7,false,,activities/857697577.fit.gz
777081627,2016-11-15 11:47:52,Morning Run,Run,,2036,6729.3,false,,activities/859926499.fit.gz
781034357,2016-11-20 17:01:00,Lunch Run,Run,,1115,1978.1,false,,activities/864596215.fit.gz
781069189,2016-11-18 13:38:31,Morning Run,Run,,2427,8355.0,false,,activities/864596205.fit.gz
784206777,2016-11-21 11:48:55,Morning Run,Run,,2182,6591.5,false,,activities/868298535.fit.gz
786344714,2016-11-26 18:36:25,Afternoon Run,Run,,1688,4309.5,false,,activities/870673695.fit.gz
788739997,2016-11-27 16:48:15,Lunch Run,Run,,2963,10004.1,false,,activities/873395972.fit.gz
788740007,2016-11-29 11:12:12,Morning Run,Run,,2019,6512.7,false,,activities/873395991.fit.gz
789654595,2016-11-30 11:16:01,Morning Run,Run,,2109,6606.5,false,,activities/874419017.fit.gz
790529493,2016-12-01 11:21:18,Morning Run,Run,,2222,6477.0,false,,activities/875401077.fit.gz
793629503,2016-12-04 17:33:22,Lunch Run,Run,,1893,5134.9,false,,activities/878880295.fit.gz
797107057,2016-12-07 13:43:19,Morning Run,Run,,2552,8481.7,false,,activities/882804481.fit.gz
797107067,2016-12-08 13:35:15,Morning Run,Run,,2523,8066.3,false,,activities/882804491.fit.gz
797700892,2016-12-09 13:19:57,Morning Run,Run,,2543,8029.6,false,,activities/883496481.fit.gz
800449661,2016-12-12 13:38:13,Morning Run,Run,,2652,8467.5,false,,activities/886575733.fit.gz
812206150,2016-12-26 17:39:04,Lunch Run,Run,,912,2112.7,false,,activities/899818188.fit.gz
816758129,2016-12-31 13:09:11,Morning Run,Run,,1970,6532.7,false,,activities/904892920.fit.gz
817954208,2017-01-01 18:30:10,Afternoon Run,Run,,1576,4307.0,false,,activities/906195896.fit.gz
818969056,2017-01-02 17:48:14,Lunch Run,Run,,2000,6921.8,false,,activities/907312352.fit.gz
819903418,2017-01-03 15:47:06,Morning Run,Run,,1451,4742.2,false,,activities/908330907.fit.gz
823165114,2017-01-06 13:50:20,Morning Run,Run,,2651,8083.9,false,,activities/911847930.fit.gz
828414463,2017-01-08 18:27:32,Afternoon Run,Run,,886,2106.4,false,,activities/917529263.fit.gz
828414885,2017-01-09 13:51:48,Morning Run,Run,,2478,8064.6,false,,activities/917529674.fit.gz
833186096,2017-01-11 13:15:24,Morning Run,Run,,2494,8069.0,false,,activities/922630567.fit.gz
833186257,2017-01-13 13:11:22,Morning Run,Run,,2488,8104.6,false,,activities/922630845.fit.gz
834409309,2017-01-16 22:24:06,Afternoon Run,Run,,2449,6826.2,false,,activities/923950658.fit.gz
839822483,2017-01-21 22:17:04,Afternoon Run,Run,,2266,6411.8,false,,activities/930092264.fit.gz
840902443,2017-01-22 17:51:31,Lunch Run,Run,,882,2134.7,false,,activities/931274566.fit.gz
844363716,2017-01-25 13:13:19,Morning Run,Run,,2384,8089.6,false,,activities/934997520.fit.gz
852778426,2017-02-01 13:44:56,Morning Run,Run,,2539,8016.8,false,,activities/944152476.fit.gz
857158119,2017-02-04 12:24:56,Morning Run,Run,,2237,6650.6,false,,activities/948911935.fit.gz
864438103,2017-02-12 20:42:52,Afternoon Run,Run,,3448,8702.9,false,,activities/956719121.fit.gz
869575602,2017-02-13 13:38:17,Morning Run,Run,,2385,8076.2,false,,activities/962258692.fit.gz
871031938,2017-02-18 15:10:20,Morning Activity,AlpineSki,,5126,11764.1,false,,activities/963813123.fit.gz
873578614,2017-02-18 19:44:03,Afternoon Activity,AlpineSki,,3630,2706.2,false,,activities/966550693.fit.gz
873578899,2017-02-19 16:38:13,Lunch Activity,AlpineSki,,2036,2432.1,false,,activities/966550997.fit.gz
873579403,2017-02-19 19:08:07,Afternoon Activity,AlpineSki,,5946,8671.0,false,,activities/966551485.fit.gz
873580800,2017-02-20 13:45:34,Morning Activity,AlpineSki,,6749,13277.6,false,,activities/966552884.fit.gz
873581343,2017-02-20 16:21:51,Lunch Activity,AlpineSki,,5102,4470.0,false,,activities/966553448.fit.gz
873992952,2017-02-20 19:19:08,Afternoon Activity,AlpineSki,,7605,15612.4,false,,activities/966968580.fit.gz
875828850,2017-02-22 11:12:56,Morning Run,Run,,1982,6459.3,false,,activities/968972615.fit.gz
877894614,2017-02-24 13:09:18,Morning Run,Run,,2435,8021.2,false,,activities/971224149.fit.gz
880828119,2017-02-26 17:54:19,Lunch Run,Run,,814,2153.8,false,,activities/974468291.fit.gz
889078630,2017-02-27 13:29:06,Morning Run,Run,,2399,8033.5,false,,activities/986326177.fit.gz
889078661,2017-03-05 17:35:53,Lunch Run,Run,,2214,6437.9,false,,activities/986326248.fit.gz
889078664,2017-03-03 13:15:50,Morning Run,Run,,2491,8105.4,false,,activities/986326216.fit.gz
890427557,2017-03-06 23:19:26,Evening Run,Run,,2433,7988.1,false,,activities/988540338.fit.gz
897812381,2017-03-12 17:20:55,Afternoon Run,Run,,1844,6241.5,false,,activities/996540008.fit.gz
898613296,2017-03-13 12:29:55,Morning Run,Run,,2435,8049.6,false,,activities/997411640.fit.gz
906983176,2017-03-19 22:05:13,Evening Run,Run,,2068,6439.3,false,,activities/1006257734.fit.gz
911172373,2017-03-23 11:53:33,Morning Run,Run,,2386,8007.8,false,,activities/1010650100.fit.gz
915204119,2017-03-26 12:00:13,Morning Run,Run,,2007,6522.3,false,,activities/1014823064.fit.gz
916571784,2017-03-27 12:25:36,Morning Run,Run,,2304,7012.4,false,,activities/1016239993.fit.gz
918781850,2017-03-28 12:03:32,Morning Run,Run,,2457,8005.8,false,,activities/1018493896.fit.gz
926656665,2017-04-03 17:03:27,Evening Run,Run,,2745,7184.8,false,,activities/1026598221.fit.gz
935258906,2017-04-09 17:23:59,Afternoon Run,Run,,1002,2090.4,false,,activities/1035437170.fit.gz
938994584,2017-04-12 12:47:24,Morning Run,Run,,2072,6500.1,false,,activities/1039280745.fit.gz
940581203,2017-04-13 12:28:16,Morning Run,Run,,1972,6498.4,false,,activities/1040909307.fit.gz
944655603,2017-04-16 11:49:15,Morning Run,Run,,1266,4303.6,false,,activities/1045126244.fit.gz
948005002,2017-04-18 18:30:59,Afternoon Run,Run,,4968,10499.3,false,,activities/1048578645.fit.gz
955540364,2017-04-23 23:18:45,Evening Run,Run,,947,2129.8,false,,activities/1056368546.fit.gz
964792469,2017-04-30 15:56:07,Lunch Run,Run,,1645,4285.2,false,,activities/1065823320.fit.gz
967714003,2017-05-01 10:15:15,Morning Run,Run,,2037,6468.4,false,,activities/1068857734.fit.gz
968874030,2017-05-03 10:25:13,Morning Run,Run,,1998,6501.4,false,,activities/1070032927.fit.gz
976585221,2017-05-08 12:11:23,Morning Run,Run,,2124,6511.8,false,,activities/1077978360.fit.gz
981572028,2017-05-11 12:28:07,Morning Run,Run,,2193,7008.6,false,,activities/1083525119.fit.gz
984919464,2017-05-13 21:48:20,Afternoon Run,Run,,2173,7107.7,false,,activities/1087515258.fit.gz
987195791,2017-05-15 10:19:21,Morning Run,Run,,2456,6473.3,false,,activities/1090261657.fit.gz
996151143,2017-05-19 13:15:02,Morning Run,Run,,2272,6278.5,false,,activities/1098272458.fit.gz
996843988,2017-05-20 13:12:35,Morning Run,Run,,259,848.0,false,,activities/1098985395.fit.gz
996973055,2017-05-20 14:10:58,Morning Run,Run,,1362,5011.9,false,,activities/1099117042.fit.gz
997012423,2017-05-20 14:41:43,Morning Run,Run,,899,2198.7,false,,activities/1099156986.fit.gz
1006292450,2017-05-26 10:19:13,Morning Run,Run,,1976,6533.8,false,,activities/1108694096.fit.gz
1012612039,2017-05-30 11:05:16,Morning Run,Run,,2166,6274.2,false,,activities/1115216767.fit.gz
1015801756,2017-06-01 11:06:43,Morning Run,Run,,2209,6356.1,false,,activities/1118498322.fit.gz
1020793636,2017-06-04 13:16:15,Morning Run,Run,,2289,6869.3,false,,activities/1123634033.fit.gz
1022183253,2017-06-05 10:45:49,Morning Run,Run,,2353,6440.6,false,,activities/1125067472.fit.gz
1027450522,2017-06-08 21:39:26,Afternoon Run,Run,,2473,7203.2,false,,activities/1130408757.fit.gz
1029892399,2017-06-10 11:19:54,Morning Run,Run,,2253,6009.7,false,,activities/1132877544.fit.gz
1034724653,2017-06-13 00:29:21,Evening Swim,Swim,,83,50.0,false,,activities/1137826234.fit.gz
1039156526,2017-06-16 10:19:37,Morning Run,Run,,2159,6447.1,false,,activities/1142369559.fit.gz
1043495230,2017-06-18 21:54:48,Afternoon Run,Run,,3227,9256.6,false,,activities/1146856025.fit.gz
1048812515,2017-06-19 12:13:18,Morning Run,Run,,2524,8011.6,false,,activities/1152301696.fit.gz
1054828372,2017-06-26 10:52:05,Morning Run,Run,,2079,6502.2,false,,activities/1158496923.fit.gz
1056546177,2017-06-27 13:10:36,Morning Run,Run,,2630,8157.6,false,,activities/1160247897.fit.gz
1063465167,2017-07-02 08:20:16,Morning Run,Run,,2830,7355.7,false,,activities/1167255177.fit.gz
1065105444,2017-07-03 05:39:12,Morning Run,Run,,2332,7474.7,false,,activities/1168926642.fit.gz
1066592077,2017-07-04 05:34:19,Morning Run,Run,,2624,8005.4,false,,activities/1170429068.fit.gz
1069942250,2017-07-06 05:25:29,Morning Run,Run,,2601,8005.6,false,,activities/1173816161.fit.gz
1072062886,2017-07-07 15:09:54,Afternoon Run,Run,,2891,7629.0,false,,activities/1175958024.fit.gz
1077904569,2017-07-11 05:59:49,Morning Run,Run,,2118,6006.4,false,,activities/1181918468.fit.gz
1087703333,2017-07-13 05:37:42,Morning Run,Run,,2169,6006.1,false,,activities/1191887642.fit.gz
1088110041,2017-07-17 16:33:57,Evening Run,Run,,1367,4004.2,false,,activities/1192304577.fit.gz
1088146733,2017-07-17 17:00:54,Evening Run,Run,,1023,2963.3,false,,activities/1192342041.fit.gz
1107835469,2017-07-29 01:44:50,Evening Run,Run,,2226,4237.6,false,,activities/1212302244.fit.gz
1107835746,2017-07-29 18:25:50,Lunch Hike,Hike,,4941,3532.0,false,,activities/1212302602.fit.gz
1107836064,2017-07-29 21:11:14,Afternoon Hike,Hike,,5867,5168.6,false,,activities/1212302912.fit.gz
1107836321,2017-07-25 20:12:08,Afternoon Hike,Hike,,9338,6140.8,false,,activities/1212301963.fit.gz
1120010250,2017-08-06 11:43:46,Morning Run,Run,,2393,6368.6,false,,activities/1224677965.fit.gz
1123120544,2017-08-08 10:16:36,Morning Run,Run,,2231,6510.3,false,,activities/1227849527.fit.gz
1128082003,2017-08-11 11:21:35,Morning Run,Run,,2433,7719.1,false,,activities/1232885707.fit.gz
1129582508,2017-08-12 11:55:51,Morning Run,Run,,2100,6468.1,false,,activities/1234429868.fit.gz
1132429958,2017-08-13 21:39:03,Afternoon Run,Run,,3995,10605.0,false,,activities/1237342132.fit.gz
1133225322,2017-08-14 14:03:20,Morning Run,Run,,1932,6052.8,false,,activities/1238151948.fit.gz
1134989902,2017-08-15 14:03:11,Morning Run,Run,,2553,7011.7,false,,activities/1239944751.fit.gz
1137593077,2017-08-16 14:02:33,Morning Run,Run,,2267,7115.8,false,,activities/1242585604.fit.gz
1143457488,2017-08-20 12:23:05,Morning Run,Run,,997,1998.6,false,,activities/1248547515.fit.gz
1147135949,2017-08-21 10:19:09,Morning Run,Run,,2111,6533.7,false,,activities/1252291996.fit.gz
1147135965,2017-08-22 22:24:30,Evening Run,Run,,1880,6039.6,false,,activities/1252292019.fit.gz
1151233222,2017-08-24 11:19:56,Morning Run,Run,,2570,8000.2,false,,activities/1256441402.fit.gz
1151233439,2017-08-25 12:01:12,Morning Run,Run,,2108,4889.0,false,,activities/1256441601.fit.gz
1151235449,2017-08-23 11:28:10,Morning Run,Run,,2528,8006.7,false,,activities/1256441127.fit.gz
1154756214,2017-08-27 12:18:41,Morning Run,Run,,2488,7217.2,false,,activities/1260018337.fit.gz
1157175456,2017-08-28 21:19:33,Afternoon Run,Run,,2541,8110.9,false,,activities/1262467826.fit.gz
1167767620,2017-09-04 12:54:01,Morning Run,Run,,2383,6484.6,false,,activities/1273168758.fit.gz
1167767681,2017-08-29 11:36:53,Morning Run,Run,,2585,8009.2,false,,activities/1273168678.fit.gz
1167767716,2017-08-30 11:17:15,Morning Run,Run,,2570,8006.0,false,,activities/1273168701.fit.gz
1167767743,2017-09-01 11:38:49,Morning Run,Run,,2481,8008.4,false,,activities/1273168733.fit.gz
1173328540,2017-09-06 11:52:00,Morning Run,Run,,2569,8012.5,false,,activities/1278796849.fit.gz
1173328743,2017-09-07 11:49:53,Morning Run,Run,,2566,8007.5,false,,activities/1278797069.fit.gz
1173331953,2017-09-05 12:08:47,Morning Run,Run,,2498,8005.9,false,,activities/1278796561.fit.gz
1173960691,2017-09-08 11:28:31,Morning Run,Run,,2048,6514.3,false,,activities/1279440023.fit.gz
1181916349,2017-09-11 11:59:16,Morning Run,Run,,2588,8003.9,false,,activities/1287512833.fit.gz
1184917703,2017-09-15 11:43:04,Morning Run,Run,,2503,8006.3,false,,activities/1290549103.fit.gz
1188422720,2017-09-17 13:22:48,Morning Run,Run,,3144,9665.6,false,,activities/1294110019.fit.gz
1189812340,2017-09-18 11:39:20,Morning Run,Run,,2042,6498.0,false,,activities/1295527087.fit.gz
1191236126,2017-09-19 11:41:09,Morning Run,Run,,989,3493.6,false,,activities/1296966151.fit.gz
1192893333,2017-09-20 11:54:25,Morning Run,Run,,2612,8003.7,false,,activities/1298651659.fit.gz
1200891981,2017-09-25 11:32:35,Morning Run,Run,,2081,6597.5,false,,activities/1306783652.fit.gz
1202407943,2017-09-26 11:39:19,Morning Run,Run,,2341,6425.3,false,,activities/1308309758.fit.gz
1205583035,2017-09-27 11:36:06,Morning Run,Run,,2043,6478.1,false,,activities/1311514641.fit.gz
1205583064,2017-09-28 11:25:12,Morning Run,Run,,2089,6506.7,false,,activities/1311514666.fit.gz
1213436463,2017-10-02 11:45:27,Morning Run,Run,,2558,8010.2,false,,activities/1319475533.fit.gz
1213436761,2017-10-03 11:40:33,Morning Run,Run,,2525,8011.5,false,,activities/1319475834.fit.gz
1226180594,2017-10-06 11:16:15,Morning Run,Run,,2564,8007.8,false,,activities/1332359555.fit.gz
1226180681,2017-10-09 11:57:01,Morning Run,Run,,2180,6481.2,false,,activities/1332359637.fit.gz
1226180751,2017-10-10 11:38:44,Morning Run,Run,,2384,7156.9,false,,activities/1332359707.fit.gz
1226180888,2017-10-11 12:02:03,Morning Run,Run,,2633,8009.4,false,,activities/1332359852.fit.gz
1226706388,2017-10-12 11:57:00,Morning Run,Run,,2600,8007.0,false,,activities/1332890684.fit.gz
1233705137,2017-10-16 21:30:01,Afternoon Run,Run,,2413,6246.8,false,,activities/1340002940.fit.gz
1236564646,2017-10-17 21:32:06,Afternoon Run,Run,,2743,8586.8,false,,activities/1342887489.fit.gz
1236970782,2017-10-18 21:19:54,Afternoon Run,Run,,3036,8010.7,false,,activities/1343295050.fit.gz
1238172115,2017-10-19 20:54:09,Afternoon Run,Run,,3808,11008.8,false,,activities/1344501715.fit.gz
1242690018,2017-10-22 20:23:48,Afternoon Run,Run,,2051,6197.9,false,,activities/1349092505.fit.gz
1248977032,2017-10-27 11:59:56,Morning Run,Run,,2631,8008.2,false,,activities/1355440419.fit.gz
1259255934,2017-10-30 12:36:26,Morning Run,Run,,2563,8005.5,false,,activities/1365829676.fit.gz
1259256191,2017-11-01 22:32:29,Afternoon Run,Run,,2410,6747.9,false,,activities/1365829925.fit.gz
1259256641,2017-11-02 23:34:34,Afternoon Run,Run,,4175,10017.1,false,,activities/1365830372.fit.gz
1266503127,2017-11-05 16:04:42,Lunch Run,Run,,882,2146.6,false,,activities/1373143117.fit.gz
1266503193,2017-11-07 12:43:52,Morning Run,Run,,2513,8006.2,false,,activities/1373143173.fit.gz
1266503224,2017-11-08 12:10:24,Morning Run,Run,,2211,6490.6,false,,activities/1373143207.fit.gz
1269442579,2017-11-10 12:43:56,Morning Run,Run,,2666,8000.5,false,,activities/1376076077.fit.gz
1273532569,2017-11-13 12:31:21,Morning Run,Run,,2573,6471.6,false,,activities/1380209794.fit.gz
1277640770,2017-11-16 12:19:19,Morning Run,Run,,2161,6484.0,false,,activities/1384320253.fit.gz
1282729665,2017-11-19 22:35:44,Afternoon Run,Run,,1265,2047.2,false,,activities/1389446561.fit.gz
1282729982,2017-11-17 12:50:05,Morning Run,Run,,2569,7999.8,false,,activities/1389446541.fit.gz
1283191189,2017-11-20 11:53:57,Morning Run,Run,,2645,6554.8,false,,activities/1389910748.fit.gz
1293973055,2017-11-23 14:16:59,Morning Run,Run,,2256,3652.9,false,,activities/1400760788.fit.gz
1293992139,2017-11-28 13:52:11,Morning Run,Run,,639,2178.5,false,,activities/1400780063.fit.gz
1294034976,2017-11-28 14:25:30,Morning Run,Run,,1097,4093.4,false,,activities/1400823153.fit.gz
1296100908,2017-11-30 00:19:31,Afternoon Walk,Walk,,1804,5624.8,false,,activities/1402928356.fit.gz
1310542345,2017-12-05 13:11:41,Morning Run,Run,,2537,8038.0,false,,activities/1417758069.fit.gz
1310542580,2017-12-06 13:01:40,Morning Run,Run,,2570,8090.7,false,,activities/1417758310.fit.gz
1310543006,2017-12-08 13:02:31,Morning Run,Run,,2786,8010.1,false,,activities/1417758670.fit.gz
1310543429,2017-12-11 12:47:11,Morning Run,Run,,2747,8471.3,false,,activities/1417758971.fit.gz
1327981904,2017-12-26 15:02:59,Morning Run,Run,,2325,6500.5,false,,activities/1435715660.fit.gz
1357285174,2018-01-14 16:28:15,Lunch Run,Run,,2913,7097.3,false,,activities/1466158912.fit.gz
1371189646,2018-01-23 12:39:38,Morning Run,Run,,2174,6498.5,false,,activities/1480623649.fit.gz
1381267202,2018-01-29 12:46:56,Morning Run,Run,,2681,7750.7,false,,activities/1490999129.fit.gz
1382833052,2018-01-30 12:53:49,Morning Run,Run,,2550,7771.2,false,,activities/1492615596.fit.gz
1384535918,2018-01-31 12:27:44,Morning Run,Run,,2136,6510.7,false,,activities/1494375976.fit.gz
1386216293,2018-02-01 12:41:15,Morning Run,Run,,2582,7771.9,false,,activities/1496118204.fit.gz
1391810027,2018-02-04 17:34:04,Lunch Run,Run,,1721,4952.4,false,,activities/1501907194.fit.gz
1395954680,2018-02-06 12:47:54,Morning Run,Run,,3292,7836.2,false,,activities/1506187321.fit.gz
1399083421,2018-02-09 13:34:45,Morning Run,Run,,2457,7808.0,false,,activities/1509571125.fit.gz
1415680938,2018-02-18 15:11:36,Morning Activity,AlpineSki,,6225,5658.0,false,,activities/1528020303.fit.gz
1416166938,2018-02-18 20:30:54,Afternoon Activity,AlpineSki,,2482,3291.4,false,,activities/1528521611.fit.gz
1416167579,2018-02-19 20:20:11,Afternoon Activity,AlpineSki,,3195,4954.4,false,,activities/1528522258.fit.gz
1420374041,2018-02-22 12:50:14,Morning Run,Run,,2522,7762.3,false,,activities/1532906285.fit.gz
1421868773,2018-02-23 12:40:47,Morning Run,Run,,2623,7777.7,false,,activities/1534448776.fit.gz
1426948912,2018-02-26 12:57:03,Morning Run,Run,,2514,7779.4,false,,activities/1539746000.fit.gz
1438941840,2018-02-27 12:44:32,Morning Run,Run,,2562,7869.8,false,,activities/1552120240.fit.gz
1438941845,2018-03-01 12:43:39,Morning Run,Run,,2600,7822.8,false,,activities/1552120273.fit.gz
1438941870,2018-03-05 12:52:58,Morning Run,Run,,2496,7815.4,false,,activities/1552120319.fit.gz
1438941892,2018-03-06 12:08:35,Morning Run,Run,,1432,4373.9,false,,activities/1552120348.fit.gz
1449174726,2018-03-12 11:56:51,Morning Run,Run,,2524,7647.9,false,,activities/1562715372.fit.gz
1460768911,2018-03-19 12:11:22,Morning Run,Run,,2347,7119.4,false,,activities/1574652111.fit.gz
1465615955,2018-03-22 11:56:04,Morning Run,Run,,2536,7760.8,false,,activities/1579713682.fit.gz
1475421818,2018-03-27 11:51:57,Morning Run,Run,,2547,7763.8,false,,activities/1589927777.fit.gz
1486032254,2018-04-02 18:52:49,Afternoon Run,Run,,2182,6848.9,false,,activities/1601008555.fit.gz
1489240692,2018-04-04 11:55:01,Morning Run,Run,,2619,7770.1,false,,activities/1604319700.fit.gz
1490610691,2018-04-05 11:38:25,Morning Run,Run,,1706,4731.0,false,,activities/1605725318.fit.gz
1492962485,2018-04-06 16:59:34,Lunch Run,Run,,2183,6850.9,false,,activities/1608148960.fit.gz
1497094961,2018-04-08 15:39:35,Lunch Run,Run,,2139,6463.4,false,,activities/1612458090.fit.gz
1498495069,2018-04-09 12:03:28,Morning Run,Run,,2565,7812.9,false,,activities/1613998993.fit.gz
1504035927,2018-04-12 11:51:55,Morning Run,Run,,2479,7742.5,false,,activities/1619696533.fit.gz
1511884378,2018-04-16 11:59:27,Morning Run,Run,,2038,6357.1,false,,activities/1627882158.fit.gz
1531411170,2018-04-24 11:32:58,Morning Run,Run,,2474,7748.1,false,,activities/1648219817.fit.gz
1532759347,2018-04-26 11:41:33,Morning Run,Run,,2387,7794.2,false,,activities/1649622858.fit.gz
1534640775,2018-04-27 11:38:51,Morning Run,Run,,2418,8031.1,false,,activities/1651565761.fit.gz
1541151382,2018-04-30 16:07:45,Lunch Run,Run,,2169,6835.3,false,,activities/1658279790.fit.gz
1542857871,2018-05-01 12:04:03,Morning Run,Run,,2364,7771.9,false,,activities/1660026422.fit.gz
1551137624,2018-05-05 13:06:10,Morning Run,Run,"",3766,8012.3,false,,activities/1668502700.fit.gz
1556153421,2018-05-07 15:23:39,Morning Run,Run,"",4750,12009.9,false,,activities/1673673128.fit.gz
1560605846,2018-05-09 13:38:09,Morning Run,Run,,3363,10008.4,false,,activities/1678238499.fit.gz
1571734859,2018-05-14 12:12:04,Morning Run,Run,,2608,7762.2,false,,activities/1690166924.fit.gz
1575664183,2018-05-16 12:10:06,Morning Run,Run,,2373,7760.7,false,,activities/1694215028.fit.gz
1577734115,2018-05-17 12:02:23,Morning Run,Run,,2345,7798.3,false,,activities/1696354773.fit.gz
1579757712,2018-05-18 12:01:10,Morning Run,Run,,2450,7765.8,false,,activities/1698447651.fit.gz
1586999242,2018-05-21 16:31:38,Lunch Run,Run,,2762,6848.4,false,,activities/1705956456.fit.gz
1588576810,2018-05-22 12:04:03,Morning Run,Run,"",2505,7801.4,true,,activities/1707598781.fit.gz
1591178703,2018-05-23 12:12:07,Morning Run,Run,,2549,7770.1,false,,activities/1710276314.fit.gz
1592920054,2018-05-24 12:02:17,Morning Run,Run,,2563,8015.5,false,,activities/1712079559.fit.gz
1594858939,2018-05-25 11:34:06,Morning Run,Run,,2072,6476.6,false,,activities/1714118144.fit.gz
1603586788,2018-05-29 12:28:24,Morning Run,Run,,2618,8006.4,false,,activities/1723433600.fit.gz
1605661804,2018-05-30 11:56:44,Morning Run,Run,,2401,7759.2,false,,activities/1725643092.fit.gz
1609836782,2018-05-31 12:04:07,Morning Run,Run,,2610,7749.6,false,,activities/1730094453.fit.gz
1609836836,2018-06-01 11:30:53,Morning Run,Run,,2169,6485.5,false,,activities/1730094491.fit.gz
1647073793,2018-06-12 12:27:14,Morning Run,Run,,1117,3218.3,false,,activities/1769576851.fit.gz
1647073994,2018-06-13 12:34:17,Morning Run,Run,,2410,7707.7,false,,activities/1769577243.fit.gz
1647074163,2018-06-14 12:09:06,Morning Run,Run,,2442,7697.5,false,,activities/1769577652.fit.gz
1648299007,2018-06-19 12:19:07,Morning Run,Run,,2549,7712.3,false,,activities/1770883534.fit.gz
1650922744,2018-06-20 16:05:03,Lunch Run,Run,,2165,6774.7,false,,activities/1773622829.fit.gz
1661147313,2018-06-25 12:35:57,Morning Run,Run,,2671,7825.8,false,,activities/1784333367.fit.gz
1665468802,2018-06-27 12:07:53,Morning Run,Run,,2463,7740.6,false,,activities/1788810587.fit.gz
1676576698,2018-07-02 17:46:22,Evening Run,Run,"",2427,6428.9,false,,activities/1800330956.fit.gz
1678459901,2018-07-03 16:05:04,Evening Run,Run,"",2349,6287.0,false,,activities/1802276771.fit.gz
1682470753,2018-07-05 12:31:43,Afternoon Run,Run,,2551,7506.8,false,,activities/1806416980.fit.gz
1690546492,2018-07-09 05:10:13,Morning Run,Run,,4217,12093.4,false,,activities/1814820813.fit.gz
1692569008,2018-07-10 05:09:45,Morning Run,Run,,2258,6007.1,false,,activities/1816929047.fit.gz
1696915831,2018-07-12 05:06:40,Morning Run,Run,,2503,7333.6,false,,activities/1821443307.fit.gz
1699068494,2018-07-13 05:05:14,Morning Run,Run,,2128,6197.4,false,,activities/1823673392.fit.gz
1712388751,2018-07-19 04:53:44,Morning Run,Run,,3488,10007.1,false,,activities/1837499185.fit.gz
1714595860,2018-07-20 05:16:26,Morning Run,Run,,1973,6109.9,false,,activities/1839776488.fit.gz
1728530078,2018-07-26 05:33:20,Morning Run,Run,"",2948,7007.8,false,,activities/1854950415.fit.gz
1760355868,2018-08-09 11:02:43,Morning Run,Run,,2065,6097.1,false,,activities/1890165788.fit.gz
1760355878,2018-08-07 12:14:58,Morning Run,Run,,2505,7582.2,false,,activities/1890165770.fit.gz
1762425921,2018-08-10 11:02:56,Morning Run,Run,,2220,6406.8,false,,activities/1892325768.fit.gz
1769011841,2018-08-13 10:18:58,Morning Run,Run,,2303,6683.5,false,,activities/1899180281.fit.gz
1771110357,2018-08-14 10:03:54,Morning Run,Run,,2149,6537.1,false,,activities/1901341169.fit.gz
1773525561,2018-08-15 10:12:18,Morning Run,Run,,2081,6263.5,false,,activities/1903832497.fit.gz
1784866515,2018-08-20 10:08:06,Morning Run,Run,,2186,6493.8,false,,activities/1915540503.fit.gz
1789459800,2018-08-22 10:17:04,Morning Run,Run,,1727,4290.5,false,,activities/1920249759.fit.gz
1793928986,2018-08-24 10:17:55,Morning Run,Run,,1304,4005.1,false,,activities/1924836149.fit.gz
1800896021,2018-08-27 10:04:01,Morning Run,Run,,2323,6999.5,false,,activities/1932021569.fit.gz
1802590600,2018-08-28 10:07:57,Morning Run,Run,,2043,6488.8,false,,activities/1933753841.fit.gz
1818781462,2018-09-02 15:30:53,Lunch Hike,Hike,,6638,5647.0,false,,activities/1950379104.fit.gz
1818782581,2018-09-02 18:57:03,Afternoon Run,Run,,4935,8901.8,false,,activities/1950380037.fit.gz
1818788125,2018-09-01 20:18:36,Afternoon Hike,Hike,,4765,3881.2,false,,activities/1950378209.fit.gz
1831905457,2018-09-10 10:08:50,Morning Run,Run,,2164,6497.2,false,,activities/1963912089.fit.gz
1833991731,2018-09-11 10:07:01,Morning Run,Run,,2088,6503.8,false,,activities/1966053079.fit.gz
1838752445,2018-09-13 11:58:45,Morning Run,Run,,2468,7767.5,false,,activities/1970945247.fit.gz
1847414870,2018-09-17 10:07:17,Morning Run,Run,,2399,6890.8,false,,activities/1847414870.gpx
1851840956,2018-09-19 11:00:59,Morning Run,Run,,2089,6513.3,false,,activities/1984492564.fit.gz
1859311995,2018-09-21 10:36:55,Morning Run,Run,,1685,5092.2,false,,activities/1992284532.fit.gz
1862451146,2018-09-24 10:03:35,Morning Run,Run,,2241,6517.0,false,,activities/1995529220.fit.gz
1866065363,2018-09-26 01:51:20,Night Run,Run,,2030,6466.7,false,,activities/1999227930.fit.gz
1877253415,2018-10-01 10:08:21,Morning Run,Run,,2138,6480.5,false,,activities/2010838121.fit.gz
1877254796,2018-09-28 10:38:11,Morning Run,Run,,1469,5057.5,false,,activities/2010838082.fit.gz
1882494308,2018-10-03 12:02:56,Morning Run,Run,,2453,7746.3,false,,activities/2016206817.fit.gz
1885302679,2018-10-05 10:37:37,Morning Run,Run,,1597,5114.7,false,,activities/2019091819.fit.gz
1891855768,2018-10-08 12:08:45,Morning Run,Run,,2430,7788.0,false,,activities/2025989338.fit.gz
1895950407,2018-10-10 11:51:39,Morning Run,Run,,2451,7782.6,false,,activities/2030196902.fit.gz
1898013400,2018-10-11 12:12:35,Morning Run,Run,,2474,7783.9,false,,activities/2032325883.fit.gz
1905333964,2018-10-14 17:59:13,Morning Run,Run,,9340,16003.7,false,,activities/2039948129.fit.gz
1908328226,2018-10-16 14:19:20,Morning Run,Run,,1701,5173.8,false,,activities/2043053593.fit.gz
1910422211,2018-10-17 14:03:18,Morning Run,Run,,1692,5152.1,false,,activities/2045205671.fit.gz
1919440860,2018-10-21 16:24:15,Lunch Run,Run,,6852,16369.2,false,,activities/2054563601.fit.gz
1925220085,2018-10-24 10:15:35,Morning Run,Run,,2292,6251.5,false,,activities/2060530213.fit.gz
1928085024,2018-10-26 10:35:08,Morning Run,Run,,1662,5111.6,false,,activities/2063465340.fit.gz
1933748184,2018-10-29 10:07:48,Morning Run,Run,,2176,6493.2,false,,activities/2069323620.fit.gz
1946095329,2018-11-04 17:07:41,Lunch Run,Run,,852,2222.5,false,,activities/2082075063.fit.gz
1946107654,2018-10-31 12:08:28,Morning Run,Run,,2396,7798.4,false,,activities/2082074958.fit.gz
1946107679,2018-11-02 10:36:03,Morning Run,Run,,1666,5147.3,false,,activities/2082075000.fit.gz
1949756413,2018-11-05 11:40:20,Morning Run,Run,,2463,7796.4,false,,activities/2085854717.fit.gz
1949757074,2018-11-06 11:43:13,Morning Run,Run,,2603,7727.6,false,,activities/2085855356.fit.gz
1951092670,2018-11-07 11:51:13,Morning Run,Run,,3082,7996.1,false,,activities/2087221619.fit.gz
1954596702,2018-11-09 11:33:18,Morning Run,Run,,1464,5091.5,false,,activities/2090827090.fit.gz
1959024351,2018-11-11 15:46:55,Morning Run,Run,,888,2154.3,false,,activities/2095392518.fit.gz
