date,comment
2014-10-06 02:37:05,Woot! that was the real run around the reservoir.
2015-06-30 00:55:06,Thanks!  I was told to get back quick to make dinner :-)  Pretty happy with only a 9 sec spread between slowest and fastest split
2015-07-02 14:54:06,welcome to my morning commute! now if i can just consistently lower that number :-)
2015-07-02 15:56:41,"LOL,  have you tried to trip those sensors?  They are definitely on my route..."
2015-10-09 01:13:27,I've run that track!
2016-08-28 00:43:27,"My friend, Mike Krisher, from college rode on some of your route today as well. I had no idea you guys were in the same city!"
2016-10-25 00:43:42,"I hit the South Street Brewery, the Anistasia's Chocolate Fantasy is amazing "
2017-10-20 13:30:06,Only had to hop one fence and run from a couple alligators 🏃
2017-10-20 13:31:06,Love Mt Tam!
2017-10-20 13:35:13,"Have you seen the book ""Unbreakable Runner, Unleash the Power of Strength & Conditioning for a Lifetime of Running Strong""? Sounds like there a some good solutions to keep away from injury "
2018-04-07 19:21:41,My muffin run
