filename,caption
photos/A6CE60DB-67D4-4D77-B61F-116BB9BECE49.jpg,""
photos/E9F5A370-D405-417B-AC47-90691C787FE1.jpg,""
photos/DE5589CC-963F-4BF8-8C56-AF1E5862FCF4.jpg,""
photos/F9D7115A-DB52-460C-A2D8-BD6D8D2805FE.jpg,""
photos/2660953D-76D2-498A-B652-12FDDF6CD42C.jpg,""
photos/33CE802C-FEEB-4979-85F9-79E2E40C86F3.jpg,""
photos/083AB5B4-22FE-4DF2-8F22-B5A3DF35BF01.jpg,""
photos/D309A632-0FB5-454A-BC92-ECDFDF695751.jpg,""
photos/5298C1B4-29F3-4B79-8E47-DB3161A8CDD0.jpg,""
photos/06D62B96-3B3E-43C6-A3DF-9B6181DDCE41.jpg,""
photos/FFD30B5E-F251-4A0B-BB0F-291722EF253F.jpg,""
